{
    "name": "root",
    "gauges": {
        "mywalker.Policy.Entropy.mean": {
            "value": 1.4271878004074097,
            "min": 1.4271878004074097,
            "max": 1.4271878004074097,
            "count": 1
        },
        "mywalker.Policy.Entropy.sum": {
            "value": 85631.265625,
            "min": 85631.265625,
            "max": 85631.265625,
            "count": 1
        },
        "mywalker.Step.mean": {
            "value": 59960.0,
            "min": 59960.0,
            "max": 59960.0,
            "count": 1
        },
        "mywalker.Step.sum": {
            "value": 59960.0,
            "min": 59960.0,
            "max": 59960.0,
            "count": 1
        },
        "mywalker.Policy.ExtrinsicValueEstimate.mean": {
            "value": -2057.8974609375,
            "min": -2057.8974609375,
            "max": -2057.8974609375,
            "count": 1
        },
        "mywalker.Policy.ExtrinsicValueEstimate.sum": {
            "value": -1973523.75,
            "min": -1973523.75,
            "max": -1973523.75,
            "count": 1
        },
        "mywalker.Environment.EpisodeLength.mean": {
            "value": 999.0,
            "min": 999.0,
            "max": 999.0,
            "count": 1
        },
        "mywalker.Environment.EpisodeLength.sum": {
            "value": 59940.0,
            "min": 59940.0,
            "max": 59940.0,
            "count": 1
        },
        "mywalker.Environment.CumulativeReward.mean": {
            "value": -25353.587959548175,
            "min": -25353.587959548175,
            "max": -25353.587959548175,
            "count": 1
        },
        "mywalker.Environment.CumulativeReward.sum": {
            "value": -1495861.6896133423,
            "min": -1495861.6896133423,
            "max": -1495861.6896133423,
            "count": 1
        },
        "mywalker.Policy.ExtrinsicReward.mean": {
            "value": -25353.587959548175,
            "min": -25353.587959548175,
            "max": -25353.587959548175,
            "count": 1
        },
        "mywalker.Policy.ExtrinsicReward.sum": {
            "value": -1495861.6896133423,
            "min": -1495861.6896133423,
            "max": -1495861.6896133423,
            "count": 1
        },
        "mywalker.Losses.PolicyLoss.mean": {
            "value": 0.06719107651659492,
            "min": 0.06719107651659492,
            "max": 0.06719107651659492,
            "count": 1
        },
        "mywalker.Losses.PolicyLoss.sum": {
            "value": 1.9485412189812525,
            "min": 1.9485412189812525,
            "max": 1.9485412189812525,
            "count": 1
        },
        "mywalker.Losses.ValueLoss.mean": {
            "value": 3587789.7699776134,
            "min": 3587789.7699776134,
            "max": 3587789.7699776134,
            "count": 1
        },
        "mywalker.Losses.ValueLoss.sum": {
            "value": 104045903.32935078,
            "min": 104045903.32935078,
            "max": 104045903.32935078,
            "count": 1
        },
        "mywalker.Policy.LearningRate.mean": {
            "value": 0.00020706209994482758,
            "min": 0.00020706209994482758,
            "max": 0.00020706209994482758,
            "count": 1
        },
        "mywalker.Policy.LearningRate.sum": {
            "value": 0.0060048008984,
            "min": 0.0060048008984,
            "max": 0.0060048008984,
            "count": 1
        },
        "mywalker.Policy.Epsilon.mean": {
            "value": 0.16902068965517245,
            "min": 0.16902068965517245,
            "max": 0.16902068965517245,
            "count": 1
        },
        "mywalker.Policy.Epsilon.sum": {
            "value": 4.901600000000001,
            "min": 4.901600000000001,
            "max": 4.901600000000001,
            "count": 1
        },
        "mywalker.Policy.Beta.mean": {
            "value": 0.006905166896551724,
            "min": 0.006905166896551724,
            "max": 0.006905166896551724,
            "count": 1
        },
        "mywalker.Policy.Beta.sum": {
            "value": 0.20024984,
            "min": 0.20024984,
            "max": 0.20024984,
            "count": 1
        },
        "mywalker.IsTraining.mean": {
            "value": 1.0,
            "min": 1.0,
            "max": 1.0,
            "count": 1
        },
        "mywalker.IsTraining.sum": {
            "value": 1.0,
            "min": 1.0,
            "max": 1.0,
            "count": 1
        }
    },
    "metadata": {
        "timer_format_version": "0.1.0",
        "start_time_seconds": "1727619402",
        "python_version": "3.10.11 (tags/v3.10.11:7d4cc5a, Apr  5 2023, 00:38:17) [MSC v.1929 64 bit (AMD64)]",
        "command_line_arguments": "C:\\Users\\acer\\Desktop\\new\\practiceMLAgents\\venv\\Scripts\\mlagents-learn config/config.yaml --run-id=ptest2 --initialize-from=tc1",
        "mlagents_version": "1.0.0",
        "mlagents_envs_version": "1.0.0",
        "communication_protocol_version": "1.5.0",
        "pytorch_version": "2.2.2+cu121",
        "numpy_version": "1.21.3",
        "end_time_seconds": "1727622870"
    },
    "total": 3467.894702900201,
    "count": 1,
    "self": 0.06527919974178076,
    "children": {
        "run_training.setup": {
            "total": 0.12628600001335144,
            "count": 1,
            "self": 0.12628600001335144
        },
        "TrainerController.start_learning": {
            "total": 3467.703137700446,
            "count": 1,
            "self": 3.7897806400433183,
            "children": {
                "TrainerController._reset_env": {
                    "total": 44.59837359935045,
                    "count": 1,
                    "self": 44.59837359935045
                },
                "TrainerController.advance": {
                    "total": 3418.7155878609046,
                    "count": 100064,
                    "self": 3.7930690199136734,
                    "children": {
                        "env_step": {
                            "total": 3313.208322931081,
                            "count": 100064,
                            "self": 2527.620119486004,
                            "children": {
                                "SubprocessEnvManager._take_step": {
                                    "total": 782.8520940560848,
                                    "count": 100064,
                                    "self": 15.064329137094319,
                                    "children": {
                                        "TorchPolicy.evaluate": {
                                            "total": 767.7877649189904,
                                            "count": 100064,
                                            "self": 767.7877649189904
                                        }
                                    }
                                },
                                "workers": {
                                    "total": 2.7361093889921904,
                                    "count": 100064,
                                    "self": 0.0,
                                    "children": {
                                        "worker_root": {
                                            "total": 3434.814956136979,
                                            "count": 100064,
                                            "is_parallel": true,
                                            "self": 1110.879446029663,
                                            "children": {
                                                "steps_from_proto": {
                                                    "total": 0.005092800594866276,
                                                    "count": 1,
                                                    "is_parallel": true,
                                                    "self": 0.0002337014302611351,