{
    "name": "root",
    "gauges": {
        "Walker.Policy.Entropy.mean": {
            "value": 0.904838502407074,
            "min": 0.904838502407074,
            "max": 1.4221773147583008,
            "count": 495
        },
        "Walker.Policy.Entropy.sum": {
            "value": 26775.98046875,
            "min": 26733.85546875,
            "max": 42688.07421875,
            "count": 495
        },
        "Walker.Environment.EpisodeLength.mean": {
            "value": 78.79255319148936,
            "min": 11.237765089722675,
            "max": 83.69121813031161,
            "count": 495
        },
        "Walker.Environment.EpisodeLength.sum": {
            "value": 29626.0,
            "min": 27555.0,
            "max": 29879.0,
            "count": 495
        },
        "Walker.Step.mean": {
            "value": 14849668.0,
            "min": 29996.0,
            "max": 14849668.0,
            "count": 495
        },
        "Walker.Step.sum": {
            "value": 14849668.0,
            "min": 29996.0,
            "max": 14849668.0,
            "count": 495
        },
        "Walker.Policy.ExtrinsicValueEstimate.mean": {
            "value": 49.49208450317383,
            "min": -0.8004248738288879,
            "max": 53.5234260559082,
            "count": 495
        },
        "Walker.Policy.ExtrinsicValueEstimate.sum": {
            "value": 18609.0234375,
            "min": -1793.752197265625,
            "max": 20027.484375,
            "count": 495
        },
        "Walker.Policy.GailValueEstimate.mean": {
            "value": 4.072102069854736,
            "min": 0.7517830729484558,
            "max": 6.285984992980957,
            "count": 495
        },
        "Walker.Policy.GailValueEstimate.sum": {
            "value": 1531.1103515625,
            "min": 1145.9495849609375,
            "max": 10225.001953125,
            "count": 495
        },
        "Walker.Environment.CumulativeReward.mean": {
            "value": 105.84953188484019,
            "min": -0.7881470879259425,
            "max": 124.39338149666449,
            "count": 495
        },
        "Walker.Environment.CumulativeReward.sum": {
            "value": 39799.42398869991,
            "min": -1931.748512506485,
            "max": 44086.68374913931,
            "count": 495
        },
        "Walker.Policy.ExtrinsicReward.mean": {
            "value": 105.84953188484019,
            "min": -0.7881470879259425,
            "max": 124.39338149666449,
            "count": 495
        },
        "Walker.Policy.ExtrinsicReward.sum": {
            "value": 39799.42398869991,
            "min": -1931.748512506485,
            "max": 44086.68374913931,
            "count": 495
        },
        "Walker.Policy.GailReward.mean": {
            "value": 8.454848746828576,
            "min": 1.439906604601889,
            "max": 13.049474915801262,
            "count": 495
        },
        "Walker.Policy.GailReward.sum": {
            "value": 3179.0231288075447,
            "min": 2225.183688297868,
            "max": 22019.27190065384,
            "count": 495
        },
        "Walker.Losses.PolicyLoss.mean": {
            "value": 0.011188148366636596,
            "min": 0.010448879397396619,
            "max": 0.02470777101116255,
            "count": 495
        },
        "Walker.Losses.PolicyLoss.sum": {
            "value": 0.011188148366636596,
            "min": 0.010448879397396619,
            "max": 0.04528329479120051,
            "count": 495
        },
        "Walker.Losses.ValueLoss.mean": {
            "value": 200.04925486246745,
            "min": 0.2005172550678253,
            "max": 303.630392964681,
            "count": 495
        },
        "Walker.Losses.ValueLoss.sum": {
            "value": 200.04925486246745,
            "min": 0.2005172550678253,
            "max": 504.0620595296224,
            "count": 495
        },
        "Walker.Policy.LearningRate.mean": {
            "value": 0.00015169831943391007,
            "min": 0.00015169831943391007,
            "max": 0.0002997951800682732,
            "count": 495
        },
        "Walker.Policy.LearningRate.sum": {
            "value": 0.00015169831943391007,
            "min": 0.00015169831943391007,
            "max": 0.0005985659904780033,
            "count": 495
        },
        "Walker.Policy.Epsilon.mean": {
            "value": 0.15056608999999999,
            "min": 0.15056608999999999,
            "max": 0.19993172666666667,
            "count": 495
        },
        "Walker.Policy.Epsilon.sum": {
            "value": 0.15056608999999999,
            "min": 0.15056608999999999,
            "max": 0.39952199666666666,
            "count": 495
        },
        "Walker.Policy.Beta.mean": {
            "value": 0.002533247891,
            "min": 0.002533247891,
            "max": 0.004996593160666666,
            "count": 495
        },
        "Walker.Policy.Beta.sum": {
            "value": 0.002533247891,
            "min": 0.002533247891,
            "max": 0.009976147633666665,
            "count": 495
        },
        "Walker.Policy.GAILPolicyEstimate.mean": {
            "value": 0.0979295700788498,
            "min": 0.06494245094557603,
            "max": 0.5168066134055456,
            "count": 495
        },
        "Walker.Policy.GAILPolicyEstimate.sum": {
            "value": 0.0979295700788498,
            "min": 0.06494245094557603,
            "max": 0.877248935898145,
            "count": 495
        },
        "Walker.Policy.GAILExpertEstimate.mean": {
            "value": 0.9086408456166585,
            "min": 0.5181704044342041,
            "max": 0.9586505045493443,
            "count": 495
        },
        "Walker.Policy.GAILExpertEstimate.sum": {
            "value": 0.9086408456166585,
            "min": 0.5181704044342041,
            "max": 1.9173010090986886,
            "count": 495
        },
        "Walker.Losses.GAILLoss.mean": {
            "value": 0.22519019146760305,
            "min": 0.12498616576194763,
            "max": 1.388582976659139,
            "count": 495
        },
        "Walker.Losses.GAILLoss.sum": {
            "value": 0.22519019146760305,
            "min": 0.12498616576194763,
            "max": 2.458523372809092,
            "count": 495
        },
        "Walker.Policy.GAILGradMagLoss.mean": {
            "value": 0.02232456157604853,
            "min": 0.0138661024471124,
            "max": 38.84777877666056,
            "count": 495
        },
        "Walker.Policy.GAILGradMagLoss.sum": {
            "value": 0.02232456157604853,
            "min": 0.0138661024471124,
            "max": 38.84777877666056,
            "count": 495
        },
        "Walker.Losses.PretrainingLoss.mean": {
            "value": 0.0,
            "min": 0.0,
            "max": 1.2357486486434937,
            "count": 495
        },
        "Walker.Losses.PretrainingLoss.sum": {
            "value": 0.0,
            "min": 0.0,
            "max": 1.2357486486434937,
            "count": 495
        },
        "Walker.IsTraining.mean": {
            "value": 1.0,
            "min": 1.0,
            "max": 1.0,
            "count": 495
        },
        "Walker.IsTraining.sum": {
            "value": 1.0,
            "min": 1.0,
            "max": 1.0,
            "count": 495
        }
    },
    "metadata": {
        "timer_format_version": "0.1.0",
        "start_time_seconds": "1727699800",
        "python_version": "3.10.11 (tags/v3.10.11:7d4cc5a, Apr  5 2023, 00:38:17) [MSC v.1929 64 bit (AMD64)]",
        "command_line_arguments": "C:\\unity\\unityProjects\\practiceMLAgents\\venv\\Scripts\\mlagents-learn config/config.yaml --run-id=sac-imit1 --force",
        "mlagents_version": "1.0.0",
        "mlagents_envs_version": "1.0.0",
        "communication_protocol_version": "1.5.0",
        "pytorch_version": "2.2.2+cu121",
        "numpy_version": "1.21.2",
        "end_time_seconds": "1727728092"
    },