{"count":1,"gauges":{"ControllerMarathonMan-v0.CumulativeReward":{"count":5,"max":153.32753,"min":0,"value":0,"weightedAverage":28.7489128}},"self":39.342457599999996,"total":39.588423999999996,"children":{"AgentSendState":{"count":259,"self":0.00299,"total":0.089222799999999991,"children":{"CollectObservations":{"count":276,"self":0.0862328,"total":0.0862328,"children":null}}},"DecideAction":{"count":259,"self":0.1087663,"total":0.1087663,"children":null},"AgentAct":{"count":259,"self":0.0479782,"total":0.0479782,"children":null}}}