{"count":1,"self":123.19464959999999,"total":123.2904343,"children":{"InitializeActuators":{"count":1,"self":0.0071698,"total":0.0071698,"children":null},"InitializeSensors":{"count":1,"self":0.00099899999999999989,"total":0.00099899999999999989,"children":null},"AgentSendState":{"count":446,"self":0.0035377,"total":0.0412163,"children":{"CollectObservations":{"count":90,"self":0.0054142999999999995,"total":0.0054142999999999995,"children":null},"WriteActionMask":{"count":90,"self":0,"total":0,"children":null},"RequestDecision":{"count":90,"self":0.032264299999999996,"total":0.032264299999999996,"children":null}}},"DecideAction":{"count":446,"self":0.025064799999999998,"total":0.025064799999999998,"children":null},"AgentAct":{"count":446,"self":0.021334699999999998,"total":0.021334699999999998,"children":null}},"gauges":{},"metadata":{"timer_format_version":"0.1.0","start_time_seconds":"1724617691","unity_version":"2022.3.16f1","command_line_arguments":"C:\\unity\\2022.3.16f1\\Editor\\Unity.exe -projectpath C:\\unity\\unityProjects\\practiceMLAgents -useHub -hubIPC -cloudEnvironment production","communication_protocol_version":"1.5.0","com.unity.ml-agents_version":"3.0.0-exp.1","scene_name":"Playground","end_time_seconds":"1724617814"}}