{"count":1,"self":5.2582075999999995,"total":13.4629139,"children":{"InitializeActuators":{"count":3,"self":0.0010000999999999999,"total":0.0010000999999999999,"children":null},"InitializeSensors":{"count":3,"self":0.0009999,"total":0.0009999,"children":null},"AgentSendState":{"count":2534,"self":0.0065889,"total":0.0798358,"children":{"CollectObservations":{"count":1521,"self":0.020954499999999997,"total":0.020954499999999997,"children":null},"WriteActionMask":{"count":1521,"self":0.0025072,"total":0.0025072,"children":null},"RequestDecision":{"count":1521,"self":0.008011299999999999,"total":0.049785199999999995,"children":{"AgentInfo.ToProto":{"count":1521,"self":0.0050037,"total":0.041773899999999996,"children":{"GenerateSensorData":{"count":1521,"self":0.036770199999999996,"total":0.036770199999999996,"children":null}}}}}}},"DecideAction":{"count":2534,"self":4.8741576,"total":4.8741575,"children":null},"AgentAct":{"count":2534,"self":3.2416462,"total":3.2487131,"children":{"AgentInfo.ToProto":{"count":161,"self":0,"total":0.0070669,"children":{"GenerateSensorData":{"count":161,"self":0.0070669,"total":0.0070669,"children":null}}}}}},"gauges":{"ImitationRun.CumulativeReward":{"count":161,"max":438.438,"min":13.4669018,"runningAverage":32.95171,"value":26.6670914,"weightedAverage":26.4844475}},"metadata":{"timer_format_version":"0.1.0","start_time_seconds":"1733820918","unity_version":"2022.3.16f1","command_line_arguments":"C:\\unity\\2022.3.16f1\\Editor\\Unity.exe -projectpath C:\\unity\\unityProjects\\practiceMLAgents -useHub -hubIPC -cloudEnvironment production","communication_protocol_version":"1.5.0","com.unity.ml-agents_version":"3.0.0-exp.1","scene_name":"RagdollRunningAgent","end_time_seconds":"1733820932"}}