{"count":1,"gauges":{"ControllerMarathonMan-v0.CumulativeReward":{"count":4,"max":473.8381,"min":0,"value":473.8381,"weightedAverage":118.459526}},"self":69.2602112,"total":71.0334592,"children":{"AgentSendState":{"count":1684,"self":0.0298423,"total":0.6771766,"children":{"CollectObservations":{"count":2376,"self":0.64733429999999992,"total":0.64733429999999992,"children":null}}},"DecideAction":{"count":1684,"self":0.6448564,"total":0.6448564,"children":null},"AgentAct":{"count":1684,"self":0.45020859999999996,"total":0.45020859999999996,"children":null}}}