{"count":1,"self":21.1075712,"total":22.350081199999998,"children":{"InitializeActuators":{"count":1,"self":0.0025066999999999997,"total":0.0025066999999999997,"children":null},"InitializeSensors":{"count":1,"self":0.0030242999999999997,"total":0.0030242999999999997,"children":null},"AgentSendState":{"count":3243,"self":0.013689,"total":0.3902883,"children":{"CollectObservations":{"count":649,"self":0.35110189999999997,"total":0.35110189999999997,"children":null},"WriteActionMask":{"count":649,"self":0.0010114,"total":0.0010114,"children":null},"RequestDecision":{"count":649,"self":0.024485999999999997,"total":0.024485999999999997,"children":null}}},"DecideAction":{"count":3243,"self":0.5969388,"total":0.5969388,"children":null},"AgentAct":{"count":3243,"self":0.2487443,"total":0.2487443,"children":null}},"gauges":{"TerrainWalker.CumulativeReward":{"count":3,"max":325.3523,"min":203.463333,"runningAverage":277.449127,"value":325.3523,"weightedAverage":290.2241}},"metadata":{"timer_format_version":"0.1.0","start_time_seconds":"1739032257","unity_version":"2022.3.16f1","command_line_arguments":"C:\\unity\\2022.3.16f1\\Editor\\Unity.exe -projectpath C:\\unity\\unityProjects\\practiceMLAgents -useHub -hubIPC -cloudEnvironment production","communication_protocol_version":"1.5.0","com.unity.ml-agents_version":"3.0.0-exp.1","scene_name":"TerrainWalker","end_time_seconds":"1739032279"}}