{"count":1,"self":15.153136,"total":15.579295199999999,"children":{"InitializeActuators":{"count":10,"self":0.0010071,"total":0.0010071,"children":null},"InitializeSensors":{"count":10,"self":0.0010012999999999999,"total":0.0010012999999999999,"children":null},"AgentSendState":{"count":759,"self":0.0102839,"total":0.0996517,"children":{"CollectObservations":{"count":1520,"self":0.0768789,"total":0.0768789,"children":null},"WriteActionMask":{"count":1520,"self":0.00099549999999999986,"total":0.00099549999999999986,"children":null},"RequestDecision":{"count":1520,"self":0.011493399999999999,"total":0.011493399999999999,"children":null}}},"DecideAction":{"count":759,"self":0.24979279999999998,"total":0.24979279999999998,"children":null},"AgentAct":{"count":759,"self":0.073706,"total":0.073706,"children":null}},"gauges":{"Walker.CumulativeReward":{"count":86,"max":40.8068275,"min":-1.40560269,"runningAverage":7.06418,"value":10.8207731,"weightedAverage":9.843424}},"metadata":{"timer_format_version":"0.1.0","start_time_seconds":"1724244272","unity_version":"2022.3.16f1","command_line_arguments":"C:\\unity\\2022.3.16f1\\Editor\\Unity.exe -projectpath C:\\unity\\unityProjects\\practiceMLAgents -useHub -hubIPC -cloudEnvironment production","communication_protocol_version":"1.5.0","com.unity.ml-agents_version":"3.0.0-exp.1","scene_name":"Walker","end_time_seconds":"1724244287"}}