{"count":1,"self":9911.82848,"total":28206.7997162,"children":{"InitializeActuators":{"count":8,"self":0.0029500999999999998,"total":0.0029500999999999998,"children":null},"InitializeSensors":{"count":8,"self":0,"total":0,"children":null},"AgentSendState":{"count":9296149,"self":43.8191712,"total":1027.7510796,"children":{"CollectObservations":{"count":14873840,"self":711.643904,"total":711.6439239,"children":null},"WriteActionMask":{"count":14873840,"self":5.30052,"total":5.3005201999999993,"children":null},"RequestDecision":{"count":14873840,"self":29.90024,"total":266.9874643,"children":{"AgentInfo.ToProto":{"count":14873840,"self":26.434827199999997,"total":237.087223,"children":{"GenerateSensorData":{"count":14873840,"self":210.6523904,"total":210.65239649999998,"children":null}}}}}}},"DecideAction":{"count":9296149,"self":16557.3246976,"total":16557.3248853,"children":null},"AgentAct":{"count":9296149,"self":700.115968,"total":700.11595219999992,"children":null},"AgentInfo.ToProto":{"count":387411,"self":2.2103859999999997,"total":9.7568530999999989,"children":{"GenerateSensorData":{"count":387411,"self":7.5464671999999995,"total":7.546467,"children":null}}}},"gauges":{"Walker.CumulativeReward":{"count":387411,"max":2082.51733,"min":-2,"runningAverage":39.4767838,"value":33.8915863,"weightedAverage":172.597977}},"metadata":{"timer_format_version":"0.1.0","start_time_seconds":"1727699809","unity_version":"2022.3.16f1","command_line_arguments":"C:\\unity\\2022.3.16f1\\Editor\\Unity.exe -projectpath C:\\unity\\unityProjects\\practiceMLAgents -useHub -hubIPC -cloudEnvironment production","communication_protocol_version":"1.5.0","com.unity.ml-agents_version":"3.0.0-exp.1","scene_name":"Walker","end_time_seconds":"1727728012"}}