{
    "name": "root",
    "gauges": {
        "ImitationRun.Policy.Entropy.mean": {
            "value": 1.4156204462051392,
            "min": 1.4156204462051392,
            "max": 1.4156204462051392,
            "count": 1
        },
        "ImitationRun.Policy.Entropy.sum": {
            "value": 141573.375,
            "min": 141573.375,
            "max": 141573.375,
            "count": 1
        },
        "ImitationRun.Environment.EpisodeLength.mean": {
            "value": 7.730574471800244,
            "min": 7.730574471800244,
            "max": 7.730574471800244,
            "count": 1
        },
        "ImitationRun.Environment.EpisodeLength.sum": {
            "value": 88546.0,
            "min": 88546.0,
            "max": 88546.0,
            "count": 1
        },
        "ImitationRun.Step.mean": {
            "value": 99994.0,
            "min": 99994.0,
            "max": 99994.0,
            "count": 1
        },
        "ImitationRun.Step.sum": {
            "value": 99994.0,
            "min": 99994.0,
            "max": 99994.0,
            "count": 1
        },
        "ImitationRun.Policy.ExtrinsicValueEstimate.mean": {
            "value": 8.27304744720459,
            "min": 8.27304744720459,
            "max": 8.27304744720459,
            "count": 1
        },
        "ImitationRun.Policy.ExtrinsicValueEstimate.sum": {
            "value": 94751.2109375,
            "min": 94751.2109375,
            "max": 94751.2109375,
            "count": 1
        },
        "ImitationRun.Environment.CumulativeReward.mean": {
            "value": 26.675429775333818,
            "min": 26.675429775333818,
            "max": 26.675429775333818,
            "count": 1
        },
        "ImitationRun.Environment.CumulativeReward.sum": {
            "value": 305513.6972168982,
            "min": 305513.6972168982,
            "max": 305513.6972168982,
            "count": 1
        },
        "ImitationRun.Policy.ExtrinsicReward.mean": {
            "value": 26.675429775333818,
            "min": 26.675429775333818,
            "max": 26.675429775333818,
            "count": 1
        },
        "ImitationRun.Policy.ExtrinsicReward.sum": {
            "value": 305513.6972168982,
            "min": 305513.6972168982,
            "max": 305513.6972168982,
            "count": 1
        },
        "ImitationRun.Losses.PolicyLoss.mean": {
            "value": 0.028870444434947524,
            "min": 0.028870444434947524,
            "max": 0.028870444434947524,
            "count": 1
        },
        "ImitationRun.Losses.PolicyLoss.sum": {
            "value": 0.1154817777397901,
            "min": 0.1154817777397901,
            "max": 0.1154817777397901,
            "count": 1
        },
        "ImitationRun.Losses.ValueLoss.mean": {
            "value": 78.54154095763252,
            "min": 78.54154095763252,
            "max": 78.54154095763252,
            "count": 1
        },
        "ImitationRun.Losses.ValueLoss.sum": {
            "value": 314.1661638305301,
            "min": 314.1661638305301,
            "max": 314.1661638305301,
            "count": 1
        },
        "ImitationRun.Policy.LearningRate.mean": {
            "value": 9.99159832871418e-05,
            "min": 9.99159832871418e-05,
            "max": 9.99159832871418e-05,
            "count": 1
        },
        "ImitationRun.Policy.LearningRate.sum": {
            "value": 0.0003996639331485672,
            "min": 0.0003996639331485672,
            "max": 0.0003996639331485672,
            "count": 1
        },
        "ImitationRun.Policy.Epsilon.mean": {
            "value": 0.19991598320312498,
            "min": 0.19991598320312498,
            "max": 0.19991598320312498,
            "count": 1
        },
        "ImitationRun.Policy.Epsilon.sum": {
            "value": 0.7996639328124999,
            "min": 0.7996639328124999,
            "max": 0.7996639328124999,
            "count": 1
        },
        "ImitationRun.Policy.Beta.mean": {
            "value": 1.0000000000000003e-05,
            "min": 1.0000000000000003e-05,
            "max": 1.0000000000000003e-05,
            "count": 1
        },
        "ImitationRun.Policy.Beta.sum": {
            "value": 4.000000000000001e-05,
            "min": 4.000000000000001e-05,
            "max": 4.000000000000001e-05,
            "count": 1
        },
        "ImitationRun.IsTraining.mean": {
            "value": 1.0,
            "min": 1.0,
            "max": 1.0,
            "count": 1
        },
        "ImitationRun.IsTraining.sum": {
            "value": 1.0,
            "min": 1.0,
            "max": 1.0,
            "count": 1
        }
    },
    "metadata": {
        "timer_format_version": "0.1.0",
        "start_time_seconds": "1731000235",
        "python_version": "3.10.11 (tags/v3.10.11:7d4cc5a, Apr  5 2023, 00:38:17) [MSC v.1929 64 bit (AMD64)]",
        "command_line_arguments": "C:\\unity\\unityProjects\\practiceMLAgents\\venv\\Scripts\\mlagents-learn config/config.yaml --run-id=imit-run-pretest3 --force",
        "mlagents_version": "1.0.0",
        "mlagents_envs_version": "1.0.0",
        "communication_protocol_version": "1.5.0",
        "pytorch_version": "2.2.2+cu121",
        "numpy_version": "1.21.2",
        "end_time_seconds": "1731000947"
    },
    "total": 712.065202599857,
    "count": 1,
    "self": 0.013021899852901697,
    "children": {
        "run_training.setup": {
            "total": 0.08459149999544024,
            "count": 1,
            "self": 0.08459149999544024
        },
        "TrainerController.start_learning": {
            "total": 711.9675892000087,
            "count": 1,
            "self": 0.8784159335773438,
            "children": {
                "TrainerController._reset_env": {
                    "total": 13.344336100155488,
                    "count": 1,
                    "self": 13.344336100155488
                },
                "TrainerController.advance": {
                    "total": 697.3625054659788,
                    "count": 43827,
                    "self": 0.8419048644136637,
                    "children": {
                        "env_step": {
                            "total": 613.2445777086541,
                            "count": 43827,
                            "self": 495.4996531722136,
                            "children": {
                                "SubprocessEnvManager._take_step": {
                                    "total": 117.18084554630332,
                                    "count": 43827,
                                    "self": 2.2374723472166806,
                                    "children": {
                                        "TorchPolicy.evaluate": {
                                            "total": 114.94337319908664,
                                            "count": 34643,
                                            "self": 114.94337319908664
                                        }
                                    }
                                },
                                "workers": {
                                    "total": 0.5640789901372045,
                                    "count": 43826,
                                    "self": 0.0,
                                    "children": {
                                        "worker_root": {
                                            "total": 699.4116778983735,
                                            "count": 43826,
                                            "is_parallel": true,
                                            "self": 245.02353341388516,
                                            "children": {
                                                "steps_from_proto": {
                                                    "total": 0.003264299826696515,
                                                    "count": 1,