{
    "name": "root",
    "metadata": {
        "timer_format_version": "0.1.0",
        "start_time_seconds": "1727558750",
        "python_version": "3.10.11 (tags/v3.10.11:7d4cc5a, Apr  5 2023, 00:38:17) [MSC v.1929 64 bit (AMD64)]",
        "command_line_arguments": "C:\\unity\\unityProjects\\practiceMLAgents\\venv\\Scripts\\mlagents-learn config/config.yaml --run-id=tc01",
        "mlagents_version": "1.0.0",
        "mlagents_envs_version": "1.0.0",
        "communication_protocol_version": "1.5.0",
        "pytorch_version": "2.2.2+cu121",
        "numpy_version": "1.21.2",
        "end_time_seconds": "1727558868"
    },
    "total": 117.94303509988822,
    "count": 1,
    "self": 0.0205656997859478,
    "children": {
        "run_training.setup": {
            "total": 0.30300260009244084,
            "count": 1,
            "self": 0.30300260009244084
        },
        "TrainerController.start_learning": {
            "total": 117.61946680000983,
            "count": 1,
            "self": 0.09020478860475123,
            "children": {
                "TrainerController._reset_env": {
                    "total": 9.465375400148332,
                    "count": 1,
                    "self": 9.465375400148332
                },
                "TrainerController.advance": {
                    "total": 107.37556891120039,
                    "count": 4854,
                    "self": 0.08465980319306254,
                    "children": {
                        "env_step": {
                            "total": 105.2856253136415,
                            "count": 4854,
                            "self": 101.44520020997152,
                            "children": {
                                "SubprocessEnvManager._take_step": {
                                    "total": 3.7793062010314316,
                                    "count": 4854,
                                    "self": 0.2585534972604364,
                                    "children": {
                                        "TorchPolicy.evaluate": {
                                            "total": 3.520752703770995,
                                            "count": 4854,
                                            "self": 3.520752703770995
                                        }
                                    }
                                },
                                "workers": {
                                    "total": 0.06111890263855457,
                                    "count": 4853,
                                    "self": 0.0,
                                    "children": {
                                        "worker_root": {
                                            "total": 45.51074449974112,
                                            "count": 4853,
                                            "is_parallel": true,
                                            "self": 11.479191201506183,
                                            "children": {
                                                "steps_from_proto": {
                                                    "total": 0.0027933998499065638,
                                                    "count": 1,
                                                    "is_parallel": true,
                                                    "self": 0.0001233997754752636,
                                                    "children": {
                                                        "_process_rank_one_or_two_observation": {
                                                            "total": 0.0026700000744313,
                                                            "count": 2,
                                                            "is_parallel": true,
                                                            "self": 0.0026700000744313
                                                        }
                                                    }
                                                },
                                                "UnityEnvironment.step": {
                                                    "total": 34.02875989838503,
                                                    "count": 4853,
                                                    "is_parallel": true,
                                                    "self": 0.36257530259899795,
                                                    "children": {
                                                        "UnityEnvironment._generate_step_input": {
                                                            "total": 0.31134999659843743,
                                                            "count": 4853,
                                                            "is_parallel": true,
                                                            "self": 0.31134999659843743
                                                        },
                                                        "communicator.exchange": {
                                                            "total": 32.41466749389656,
                                                            "count": 4853,
                                                            "is_parallel": true,
                                                            "self": 32.41466749389656
                                                        },
                                                        "steps_from_proto": {
                                                            "total": 0.9401671052910388,
                                                            "count": 4853,
                                                            "is_parallel": true,
                                                            "self": 0.40007139765657485,
                                                            "children": {
                                                                "_process_rank_one_or_two_observation": {
                                                                    "total": 0.5400957076344639,
                                                                    "count": 9706,
                                                                    "is_parallel": true,
                                                                    "self": 0.5400957076344639
                                                                }
                                                            }
                                                        }
                                                    }
                                                }
                                            }
                                        }
                                    }
                                }
                            }
                        },
                        "trainer_advance": {
                            "total": 2.0052837943658233,
                            "count": 4853,
                            "self": 0.10457679606042802,
                            "children": {
                                "process_trajectory": {
                                    "total": 0.3244647984392941,
                                    "count": 4853,
                                    "self": 0.3244647984392941
                                },
                                "_update_policy": {
                                    "total": 1.5762421998661011,
                                    "count": 2,
                                    "self": 0.5932362019084394,
                                    "children": {
                                        "TorchPPOOptimizer.update": {
                                            "total": 0.9830059979576617,
                                            "count": 96,